Order ID,Order Date,CustomerName,State,City
B-25923,December,Gopal,Maharashtra,Mumbai
B-25858,November,Uudhav,Maharashtra,Mumbai
B-26099,March,Bhishm,Maharashtra,Mumbai
B-25823,October,Rohan,Maharashtra,Mumbai
B-25902,December,Ishpreet,Maharashtra,Mumbai
B-25778,September,Surabhi,Maharashtra,Mumbai
B-25925,December,Shruti,Maharashtra,Mumbai
B-25626,April,Bhishm,Maharashtra,Mumbai
B-25978,January,Parin,Maharashtra,Mumbai
B-25749,August,Ayush,Maharashtra,Mumbai
B-25702,June,Shaily,Maharashtra,Mumbai
B-25650,May,Chirag,Maharashtra,Mumbai
B-25813,October,Hrisheekesh,Maharashtra,Mumbai
B-25817,October,Praneet,Maharashtra,Mumbai
B-25970,January,Rhea,Maharashtra,Mumbai
B-25878,November,Mrinal,Maharashtra,Mumbai
B-25756,August,Mohan,Maharashtra,Mumbai
B-25691,June,Akancha,Maharashtra,Mumbai
B-25856,November,Abhijeet,Maharashtra,Mumbai
B-25636,April,Nishi,Maharashtra,Mumbai
B-25826,October,Tanushree,Maharashtra,Mumbai
B-25802,October,Yash,Maharashtra,Mumbai
B-25796,September,Sukrith,Maharashtra,Mumbai
B-26054,March,Mayank,Maharashtra,Mumbai
B-25751,August,Nishant,Maharashtra,Mumbai
B-25832,October,Harshita,Maharashtra,Mumbai
B-25726,July,Kiran,Maharashtra,Mumbai
B-25956,January,Shreya,Maharashtra,Mumbai
B-25689,June,Bhaggyasree,Maharashtra,Mumbai
B-25890,December,Divyansha,Maharashtra,Mumbai
B-25718,July,Anjali,Maharashtra,Mumbai
B-25654,May,Sabah,Maharashtra,Mumbai
B-25933,January,Shikhar,Maharashtra,Mumbai
B-25687,June,Sanjna,Maharashtra,Mumbai
B-25662,May,Sweta,Maharashtra,Mumbai
B-26060,March,Chirag,Maharashtra,Mumbai
B-25769,September,Surbhi,Maharashtra,Mumbai
B-26036,February,Bhishm,Maharashtra,Mumbai
B-25782,September,Aayushi,Maharashtra,Mumbai
B-26072,March,Sweta,Maharashtra,Mumbai
B-25896,December,Aman,Maharashtra,Mumbai
B-25837,October,Palak,Maharashtra,Mumbai
B-25843,November,Mrunal,Maharashtra,Mumbai
B-25949,January,Shantanu,Maharashtra,Mumbai
B-25684,June,Samiksha,Maharashtra,Mumbai
B-25700,June,Shubhi,Maharashtra,Mumbai
B-25704,June,Riya,Maharashtra,Mumbai
B-25811,October,Utsav,Maharashtra,Mumbai
B-26064,March,Ankita,Maharashtra,Mumbai
B-25805,October,Ankit,Maharashtra,Mumbai
B-25864,November,Aromal,Maharashtra,Mumbai
B-25917,December,Sanjay,Maharashtra,Mumbai
B-25644,April,Mayank,Maharashtra,Mumbai
B-25679,June,Avni,Maharashtra,Mumbai
B-25723,July,Wale,Maharashtra,Mumbai
B-25792,September,Abhishek,Maharashtra,Mumbai
B-25931,January,Sidharth,Maharashtra,Mumbai
B-25740,August,Rane,Maharashtra,Mumbai
B-25872,November,Saurabh,Maharashtra,Mumbai
B-25963,January,Pratiksha,Maharashtra,Mumbai
B-25776,September,Mousam,Maharashtra,Mumbai
B-25733,July,Dhirajendu,Maharashtra,Mumbai
B-26046,March,Nishi,Maharashtra,Mumbai
B-25736,July,Akshat,Maharashtra,Mumbai
B-25884,November,Sumeet,Maharashtra,Mumbai
B-25841,November,Ashvini,Maharashtra,Mumbai
B-25707,July,Shivani,Maharashtra,Mumbai
B-25955,January,Shiva,Maharashtra,Pune
B-26093,March,Sarita,Maharashtra,Pune
B-25602,April,Vrinda,Maharashtra,Pune
B-25997,February,Yogesh,Maharashtra,Pune
B-25909,December,Sujay,Maharashtra,Pune
B-25842,November,Sheetal,Maharashtra,Pune
B-26048,March,Parth,Maharashtra,Pune
B-25656,May,Priyanka,Maharashtra,Pune
B-25779,September,Savi,Maharashtra,Pune
B-25836,October,Arti,Maharashtra,Pune
B-25964,January,Oshin,Maharashtra,Pune
B-25728,July,Ameesha,Maharashtra,Pune
B-25638,April,Parth,Maharashtra,Pune
B-25764,August,Sanjova,Maharashtra,Pune
B-25710,July,Megha,Maharashtra,Pune
B-25962,January,Tejeswini,Maharashtra,Pune
B-25854,November,Shubham,Maharashtra,Pune
B-26030,February,Sarita,Maharashtra,Pune
B-25620,April,Sarita,Maharashtra,Pune
B-25944,January,Syed,Maharashtra,Pune
B-25948,January,Mukund,Maharashtra,Pune
B-25800,October,Ishit,Maharashtra,Pune
B-25746,August,Shivam,Maharashtra,Pune
B-26066,March,Priyanka,Maharashtra,Pune
B-26075,March,Pearl,Maharashtra,Pune
B-26012,February,Pearl,Maharashtra,Pune
B-25674,May,Mahima,Maharashtra,Pune
B-26003,February,Hitesh,Madhya Pradesh,Bhopal
B-25639,April,Lisha,Madhya Pradesh,Bhopal
B-25729,July,Madhulika,Madhya Pradesh,Bhopal
B-25603,April,Jahan,Madhya Pradesh,Bhopal
B-25855,November,Abhijeet,Madhya Pradesh,Bhopal
B-26067,March,Tulika,Madhya Pradesh,Bhopal
B-25657,May,Tulika,Madhya Pradesh,Bhopal
B-25675,May,Shreya,Madhya Pradesh,Bhopal
B-25747,August,Harsh,Madhya Pradesh,Bhopal
B-25693,June,Parna,Madhya Pradesh,Bhopal
B-26076,March,Jahan,Madhya Pradesh,Bhopal
B-25819,October,Ankur,Madhya Pradesh,Bhopal
B-25621,April,Deepak,Madhya Pradesh,Bhopal
B-26094,March,Deepak,Madhya Pradesh,Bhopal
B-25765,August,Meghana,Madhya Pradesh,Bhopal
B-25711,July,Sakshi,Madhya Pradesh,Bhopal
B-26049,March,Lisha,Madhya Pradesh,Bhopal
B-26031,February,Deepak,Madhya Pradesh,Bhopal
B-25801,October,Aryan,Madhya Pradesh,Bhopal
B-25911,December,Phalguni,Madhya Pradesh,Bhopal
B-25907,December,Jaydeep,Madhya Pradesh,Bhopal
B-26013,February,Jahan,Madhya Pradesh,Bhopal
B-25757,August,Vishakha,Madhya Pradesh,Indore
B-25797,September,Sauptik,Madhya Pradesh,Indore
B-25681,June,Bhawna,Madhya Pradesh,Indore
B-25950,January,Shruti,Madhya Pradesh,Indore
B-26073,March,Pournamasi,Madhya Pradesh,Indore
B-25793,September,Siddharth,Madhya Pradesh,Indore
B-25752,August,Vaibhav,Madhya Pradesh,Indore
B-25762,August,Anudeep,Madhya Pradesh,Indore
B-25873,November,Divyeta,Madhya Pradesh,Indore
B-25957,January,Mahima,Madhya Pradesh,Indore
B-25777,September,Aditi,Madhya Pradesh,Indore
B-26061,March,Anurag,Madhya Pradesh,Indore
B-25838,October,Sanjana,Madhya Pradesh,Indore
B-25952,January,Priyanka,Madhya Pradesh,Indore
B-25825,October,Kartik,Madhya Pradesh,Indore
B-26100,March,Hitika,Madhya Pradesh,Indore
B-25651,May,Anurag,Madhya Pradesh,Indore
B-25803,October,Shivanshu,Madhya Pradesh,Indore
B-25945,January,Mhatre,Madhya Pradesh,Indore
B-25885,November,Shatayu,Madhya Pradesh,Indore
B-25897,December,Rohan,Madhya Pradesh,Indore
B-25859,November,Chikku,Madhya Pradesh,Indore
B-25708,July,Kishwar,Madhya Pradesh,Indore
B-25959,January,Muskan,Madhya Pradesh,Indore
B-25806,October,Dhanraj,Madhya Pradesh,Indore
B-25857,November,Anand,Madhya Pradesh,Indore
B-25979,January,Shivangi,Madhya Pradesh,Indore
B-25750,August,Priyanshu,Madhya Pradesh,Indore
B-25685,June,Sheetal,Madhya Pradesh,Indore
B-25741,August,Navdeep,Madhya Pradesh,Indore
B-25814,October,Swapnil,Madhya Pradesh,Indore
B-25903,December,Amlan,Madhya Pradesh,Indore
B-25655,May,Nida,Madhya Pradesh,Indore
B-25770,September,Sakshi,Madhya Pradesh,Indore
B-25688,June,Swetha,Madhya Pradesh,Indore
B-25727,July,Turumella,Madhya Pradesh,Indore
B-25663,May,Pournamasi,Madhya Pradesh,Indore
B-25645,May,Yaanvi,Madhya Pradesh,Indore
B-25812,October,Kshitij,Madhya Pradesh,Indore
B-25918,December,Karandeep,Madhya Pradesh,Indore
B-25971,January,Mitali,Madhya Pradesh,Indore
B-25703,June,Ekta,Madhya Pradesh,Indore
B-25985,January,Ginny,Madhya Pradesh,Indore
B-25991,February,Mansi,Madhya Pradesh,Indore
B-25737,August,Shubham,Madhya Pradesh,Indore
B-26037,February,Hitika,Madhya Pradesh,Indore
B-25724,July,Sheetal,Madhya Pradesh,Indore
B-25827,October,Sheetal,Madhya Pradesh,Indore
B-26065,March,Nida,Madhya Pradesh,Indore
B-25692,June,Rashmi,Madhya Pradesh,Indore
B-25891,December,Shivani,Madhya Pradesh,Indore
B-25637,April,Ashmi,Madhya Pradesh,Indore
B-25734,July,Pranav,Madhya Pradesh,Indore
B-25934,January,Rahul,Madhya Pradesh,Indore
B-25824,October,Shyam,Madhya Pradesh,Indore
B-25701,June,Maithilee,Madhya Pradesh,Indore
B-25818,October,Sandeep,Madhya Pradesh,Indore
B-25844,November,Swati,Madhya Pradesh,Indore
B-25865,November,Arun,Madhya Pradesh,Indore
B-25680,June,Aayushi,Madhya Pradesh,Indore
B-25932,January,Bhutekar,Madhya Pradesh,Indore
B-25833,October,Krishna,Madhya Pradesh,Indore
B-25879,November,Siddharth,Madhya Pradesh,Indore
B-25926,December,Dipali,Madhya Pradesh,Indore
B-25627,April,Hitika,Madhya Pradesh,Indore
B-26047,March,Ashmi,Madhya Pradesh,Indore
B-25705,June,Shweta,Madhya Pradesh,Indore
B-25709,July,Aakanksha,Madhya Pradesh,Indore
B-25783,September,Shivangi,Madhya Pradesh,Indore
B-25690,June,Gunjan,Madhya Pradesh,Indore
B-25719,July,Rashmi,Madhya Pradesh,Indore
B-26055,March,Harivansh,Uttar Pradesh,Mathura
B-25993,February,Madhav,Delhi,Delhi
B-25973,January,Madan Mohan,Uttar Pradesh,Mathura
B-25967,January,Sudevi,Uttar Pradesh,Prayagraj
B-25798,October,Shishu,Andhra Pradesh,Hyderabad
B-25969,January,Shreyshi,Gujarat,Surat
B-25881,November,Lalita,Uttar Pradesh,Mathura
B-25761,August,Madhav,Uttar Pradesh,Mathura
B-25887,December,Vishakha,Uttar Pradesh,Prayagraj
B-25853,November,Gaurav,Gujarat,Ahmedabad
B-25862,November,Amol,Bihar,Patna
B-25830,October,Aastha,Himachal Pradesh,Simla
B-25786,September,Madan Mohan,Uttar Pradesh,Mathura
B-25686,June,Pooja,Himachal Pradesh,Simla
B-26022,February,Shrichand,Punjab,Chandigarh
B-25755,August,Shourya,Kerala,Thiruvananthapuram
B-25935,January,Sudhir,Nagaland,Kohima
B-25910,December,Jay,Delhi,Delhi
B-25613,April,Mohan,Haryana,Chandigarh
B-25919,December,Neha,Rajasthan,Udaipur
B-25768,September,Shreyoshe,Karnataka,Bangalore
B-25629,April,Hemant,Kerala,Thiruvananthapuram
B-25943,January,Shardul,Gujarat,Ahmedabad
B-25717,July,Manshul,Uttar Pradesh,Lucknow
B-26085,March,Shrichand,Punjab,Chandigarh
B-25608,April,Aarushi,Tamil Nadu,Chennai
B-26051,March,Parishi,West Bengal,Kolkata
B-25653,May,Farah,Nagaland,Kohima
B-25995,February,Yohann,Delhi,Delhi
B-25929,January,Girase,Kerala,Thiruvananthapuram
B-26006,February,Arpita,Karnataka,Bangalore
B-25697,June,Vijay,Jammu and Kashmir,Kashmir
B-25601,April,Bharat,Gujarat,Ahmedabad
B-26028,February,Manju,Andhra Pradesh,Hyderabad
B-25676,June,Chandni,Rajasthan,Jaipur
B-25839,October,Pranjali,West Bengal,Kolkata
B-25894,December,Monu,Punjab,Amritsar
B-25953,January,Krutika,Andhra Pradesh,Hyderabad
B-25772,September,Sanjana,Bihar,Patna
B-25730,July,Rishabh,Rajasthan,Jaipur
B-25877,November,Dashyam,Gujarat,Surat
B-25810,October,Nripraj,Punjab,Chandigarh
B-25868,November,Vikash,Goa,Goa
B-26023,February,Mukesh,Haryana,Chandigarh
B-25937,January,Ankit,Haryana,Chandigarh
B-25610,April,Yogesh,Bihar,Patna
B-25738,August,Ayush,Punjab,Chandigarh
B-25643,April,Kirti,Jammu and Kashmir,Kashmir
B-25667,May,Anjali,Haryana,Chandigarh
B-25753,August,Shivam,Uttar Pradesh,Lucknow
B-25666,May,Tanvi,Punjab,Chandigarh
B-25986,January,Shweta,Rajasthan,Udaipur
B-25850,November,Abhishek,Goa,Goa
B-25898,December,Abhishek,Rajasthan,Udaipur
B-25954,January,Trupti,Gujarat,Ahmedabad
B-25696,June,Noopur,Karnataka,Bangalore
B-25904,December,Swapnil,Delhi,Delhi
B-25852,November,Soumyabrata,Andhra Pradesh,Hyderabad
B-25981,January,Amruta,Delhi,Delhi
B-25899,December,Aishwarya,Uttar Pradesh,Prayagraj
B-25870,November,Pranav,Andhra Pradesh,Hyderabad
B-26040,February,Sahil,Punjab,Chandigarh
B-25671,May,Mitali,Nagaland,Kohima
B-25968,January,Paromita,Punjab,Amritsar
B-26019,February,Jitesh,Uttar Pradesh,Lucknow
B-25664,May,Pratyusmita,Bihar,Patna
B-26033,February,Atharv,West Bengal,Kolkata
B-26052,March,Ajay,Karnataka,Bangalore
B-25999,February,Diwakar,Delhi,Delhi
B-25781,September,Rutuja,Gujarat,Ahmedabad
B-26086,March,Mukesh,Haryana,Chandigarh
B-25845,November,Snel,Kerala,Thiruvananthapuram
B-25951,January,Jesal,West Bengal,Kolkata
B-26057,March,Sharda,Kerala,Thiruvananthapuram
B-25633,April,Amit,Sikkim,Gangtok
B-25831,October,Mahima,Sikkim,Gangtok
B-25893,December,Vrinda,Uttar Pradesh,Mathura
B-26000,February,Shubham,Delhi,Delhi
B-26097,March,Vini,Karnataka,Bangalore
B-25745,August,Kartik,Gujarat,Ahmedabad
B-25974,January,Manisha,Rajasthan,Udaipur
B-25670,May,Charika,Goa,Goa
B-25848,November,Rohan,Himachal Pradesh,Simla
B-25888,December,Rohan,Punjab,Amritsar
B-25942,January,Ankur,Andhra Pradesh,Hyderabad
B-25847,November,Aniket,Haryana,Chandigarh
B-26081,March,Aarushi,Tamil Nadu,Chennai
B-25625,April,Pinky,Jammu and Kashmir,Kashmir
B-25669,May,Piyali,Sikkim,Gangtok
B-25785,September,Ayush,West Bengal,Kolkata
B-25930,January,Monica,Punjab,Chandigarh
B-26053,March,Kirti,Jammu and Kashmir,Kashmir
B-26070,March,Shruti,Karnataka,Bangalore
B-25791,September,Avish,Kerala,Thiruvananthapuram
B-25983,January,Atul,Delhi,Delhi
B-26078,March,Kasheen,West Bengal,Kolkata
B-25787,September,Asish,Jammu and Kashmir,Kashmir
B-25682,June,Krutika,Bihar,Patna
B-25828,October,Nikita,Punjab,Chandigarh
B-25622,April,Monisha,Rajasthan,Jaipur
B-26010,February,Kartikay,Bihar,Patna
B-26035,February,Pinky,Jammu and Kashmir,Kashmir
B-25698,June,Amisha,Tamil Nadu,Chennai
B-25966,January,Soumya,Rajasthan,Udaipur
B-25743,August,Aman,Nagaland,Kohima
B-25886,November,Brijesh,Rajasthan,Udaipur
B-25975,January,Priyanka,Uttar Pradesh,Prayagraj
B-26098,March,Pinky,Jammu and Kashmir,Kashmir
B-25614,April,Vandana,Himachal Pradesh,Simla
B-26050,March,Paridhi,Rajasthan,Jaipur
B-25609,April,Jitesh,Uttar Pradesh,Lucknow
B-25939,January,Vineet,Sikkim,Gangtok
B-25914,December,Kajal,Delhi,Delhi
B-26096,March,Atharv,West Bengal,Kolkata
B-25961,January,Surbhi,Gujarat,Ahmedabad
B-25642,April,Ajay,Karnataka,Bangalore
B-25683,June,Shreya,Kerala,Thiruvananthapuram
B-26016,February,Hazel,Karnataka,Bangalore
B-26034,February,Vini,Karnataka,Bangalore
B-26056,March,Sonal,Bihar,Patna
B-25715,July,Srishti,Jammu and Kashmir,Kashmir
B-26014,February,Divsha,Rajasthan,Jaipur
B-25816,October,Mane,Andhra Pradesh,Hyderabad
B-25634,April,Sanjay,Goa,Goa
B-25895,December,Sathya,Gujarat,Surat
B-25635,April,Nidhi,Nagaland,Kohima
B-26045,March,Nidhi,Nagaland,Kohima
B-25744,August,Devendra,Andhra Pradesh,Hyderabad
B-25618,April,Manju,Andhra Pradesh,Hyderabad
B-25958,January,Aparajita,West Bengal,Kolkata
B-25619,April,Ramesh,Gujarat,Ahmedabad
B-25829,October,Apoorva,Haryana,Chandigarh
B-25714,July,Stuti,Karnataka,Bangalore
B-25989,February,Anjali,Delhi,Delhi
B-25849,November,K,Sikkim,Gangtok
B-25851,November,Kushal,Nagaland,Kohima
B-25996,February,Prashant,Delhi,Delhi
B-25678,June,Bathina,Karnataka,Bangalore
B-26018,February,Aarushi,Tamil Nadu,Chennai
B-25760,August,Pooja,Goa,Goa
B-25804,October,Sudheer,Karnataka,Bangalore
B-25754,August,Akshay,Bihar,Patna
B-26020,February,Yogesh,Bihar,Patna
B-25640,April,Paridhi,Rajasthan,Jaipur
B-25789,September,Akshay,Uttar Pradesh,Lucknow
B-26007,February,Shubham,Jammu and Kashmir,Kashmir
B-26087,March,Vandana,Himachal Pradesh,Simla
B-25617,April,Sagar,Nagaland,Kohima
B-25984,January,Kajal,Delhi,Delhi
B-25767,August,Ashmeet,West Bengal,Kolkata
B-25987,January,Manjiri,Delhi,Delhi
B-25840,October,Sneha,Karnataka,Bangalore
B-25947,January,Chetan,Gujarat,Ahmedabad
B-26009,February,Komal,Uttar Pradesh,Lucknow
B-25876,November,Bhosale,Punjab,Amritsar
B-25915,December,Sukruta,Punjab,Amritsar
B-25795,September,Sukant,Sikkim,Gangtok
B-26002,February,Harsh,Delhi,Delhi
B-25612,April,Shrichand,Punjab,Chandigarh
B-26026,February,Kanak,Goa,Goa
B-25773,September,Shreya,Kerala,Thiruvananthapuram
B-25875,November,Divyeshkumar,Uttar Pradesh,Prayagraj
B-25660,May,Shruti,Karnataka,Bangalore
B-26063,March,Farah,Nagaland,Kohima
B-25867,November,Ankit,Sikkim,Gangtok
B-25661,May,Subhashree,Jammu and Kashmir,Kashmir
B-25748,August,Nitant,Rajasthan,Jaipur
B-25766,August,Surabhi,Rajasthan,Jaipur
B-25861,November,Aayush,Uttar Pradesh,Lucknow
B-26058,March,Aditya,Punjab,Chandigarh
B-25808,October,Apsingekar,Bihar,Patna
B-25900,December,Anand,Punjab,Amritsar
B-26084,March,Anita,Kerala,Thiruvananthapuram
B-25652,May,Tushina,Goa,Goa
B-26008,February,Kalyani,Tamil Nadu,Chennai
B-25799,October,Divyansh,Gujarat,Ahmedabad
B-25927,December,Shreya,Uttar Pradesh,Lucknow
B-25994,February,Omkar,Delhi,Delhi
B-25712,July,Adhvaita,Rajasthan,Jaipur
B-25976,January,Piyam,Punjab,Amritsar
B-26068,March,Shefali,Rajasthan,Jaipur
B-25721,July,Anchal,Haryana,Chandigarh
B-25863,November,Manibalan,Kerala,Thiruvananthapuram
B-26043,March,Amit,Sikkim,Gangtok
B-25977,January,Aayushi,Gujarat,Surat
B-25908,December,Pradeep,Delhi,Delhi
B-25941,January,Jaideep,Nagaland,Kohima
B-25794,September,Aditya,Himachal Pradesh,Simla
B-26041,February,Ritu,Haryana,Chandigarh
B-25695,June,Suhani,West Bengal,Kolkata
B-25960,January,Shreya,Andhra Pradesh,Hyderabad
B-25921,December,Sandra,Punjab,Amritsar
B-26024,February,Vandana,Himachal Pradesh,Simla
B-25694,June,Subhasmita,Rajasthan,Jaipur
B-25665,May,Chayanika,Kerala,Thiruvananthapuram
B-26004,February,Nandita,Rajasthan,Jaipur
B-25611,April,Anita,Kerala,Thiruvananthapuram
B-25901,December,Suraj,Gujarat,Surat
B-25623,April,Atharv,West Bengal,Kolkata
B-25713,July,Raksha,West Bengal,Kolkata
B-26091,March,Manju,Andhra Pradesh,Hyderabad
B-25604,April,Divsha,Rajasthan,Jaipur
B-25835,October,Moumita,Gujarat,Ahmedabad
B-26025,February,Bhavna,Sikkim,Gangtok
B-25809,October,Suman,Kerala,Thiruvananthapuram
B-25905,December,Bhargav,Delhi,Delhi
B-26001,February,Patil,Delhi,Delhi
B-25771,September,Vaibhavi,Uttar Pradesh,Lucknow
B-25659,May,Sanskriti,West Bengal,Kolkata
B-25924,December,Prajakta,Karnataka,Bangalore
B-25883,November,Saptadeep,Gujarat,Surat
B-25946,January,Saurabh,Andhra Pradesh,Hyderabad
B-26083,March,Yogesh,Bihar,Patna
B-25725,July,Anisha,Nagaland,Kohima
B-25630,April,Sahil,Punjab,Chandigarh
B-25673,May,Arsheen,Gujarat,Ahmedabad
B-25992,February,Gaurav,Rajasthan,Udaipur
B-25892,December,Aditi,Rajasthan,Udaipur
B-26089,March,Kanak,Goa,Goa
B-25780,September,Teena,Andhra Pradesh,Hyderabad
B-25739,August,Daksh,Haryana,Chandigarh
B-25731,July,Akash,West Bengal,Kolkata
B-25648,May,Aditya,Punjab,Chandigarh
B-26038,February,Pooja,Bihar,Patna
B-26015,February,Kasheen,West Bengal,Kolkata
B-25821,October,Ajay,West Bengal,Kolkata
B-25874,November,Megha,Rajasthan,Udaipur
B-25668,May,Rhea,Himachal Pradesh,Simla
B-25928,January,Smriti,Bihar,Patna
B-26021,February,Anita,Kerala,Thiruvananthapuram
B-25882,November,Masurkar,Punjab,Amritsar
B-25820,October,Dheeraj,Rajasthan,Jaipur
B-25889,December,Abhishek,Gujarat,Surat
B-25871,November,Gunjal,Gujarat,Surat
B-25616,April,Kanak,Goa,Goa
B-25972,January,Jesslyn,Rajasthan,Udaipur
B-25860,November,Akshay,Tamil Nadu,Chennai
B-26080,March,Sonakshi,Jammu and Kashmir,Kashmir
B-25807,October,Vipul,Uttar Pradesh,Lucknow
B-25880,November,Apoorv,Rajasthan,Udaipur
B-25913,December,Geetanjali,Delhi,Delhi
B-25912,December,Preksha,Delhi,Delhi
B-25920,December,Jayanti,Uttar Pradesh,Prayagraj
B-25699,June,Kritika,Uttar Pradesh,Lucknow
B-25735,July,Arindam,Uttar Pradesh,Lucknow
B-26092,March,Ramesh,Gujarat,Ahmedabad
B-26082,March,Jitesh,Uttar Pradesh,Lucknow
B-25846,November,Soodesh,Punjab,Chandigarh
B-26011,February,Bharat,Gujarat,Ahmedabad
B-25631,April,Ritu,Haryana,Chandigarh
B-25606,April,Hazel,Karnataka,Bangalore
B-26005,February,Parnavi,West Bengal,Kolkata
B-25869,November,Parakh,Nagaland,Kohima
B-26039,February,Hemant,Kerala,Thiruvananthapuram
B-25916,December,Utkarsh,Gujarat,Surat
B-26090,March,Sagar,Nagaland,Kohima
B-25988,January,Nirja,Delhi,Delhi
B-25906,December,Abhijit,Delhi,Delhi
B-26017,February,Sonakshi,Jammu and Kashmir,Kashmir
B-25605,April,Kasheen,West Bengal,Kolkata
B-25990,February,Mugdha,Delhi,Delhi
B-25615,April,Bhavna,Sikkim,Gangtok
B-26077,March,Divsha,Rajasthan,Jaipur
B-25936,January,Nikhil,Punjab,Chandigarh
B-25938,January,Shikhar,Himachal Pradesh,Simla
B-25716,July,Surabhi,Tamil Nadu,Chennai
B-25763,August,Noshiba,Gujarat,Ahmedabad
B-26074,March,Bharat,Gujarat,Ahmedabad
B-25940,January,Vivek,Goa,Goa
B-26069,March,Sanskriti,West Bengal,Kolkata
B-26027,February,Sagar,Nagaland,Kohima
B-25922,December,Akshata,Gujarat,Surat
B-25866,November,Komal,Himachal Pradesh,Simla
B-25607,April,Sonakshi,Jammu and Kashmir,Kashmir
B-25775,September,Duhita,Haryana,Chandigarh
B-25998,February,Anmol,Rajasthan,Udaipur
B-26062,March,Tushina,Goa,Goa
B-25722,July,Inderpreet,Himachal Pradesh,Simla
B-26032,February,Monisha,Rajasthan,Jaipur
B-25628,April,Pooja,Bihar,Patna
B-25647,May,Sharda,Kerala,Thiruvananthapuram
B-25790,September,Sajal,Bihar,Patna
B-25774,September,Snehal,Punjab,Chandigarh
B-26042,February,Manish,Himachal Pradesh,Simla
B-25815,October,Harsh,Nagaland,Kohima
B-25822,October,Tejas,Karnataka,Bangalore
B-25706,July,Swetlana,Goa,Goa
B-25720,July,Namrata,Punjab,Chandigarh
B-26044,March,Sanjay,Goa,Goa
B-25649,May,Rachna,Haryana,Chandigarh
B-25658,May,Shefali,Rajasthan,Jaipur
B-25672,May,Akanksha,Andhra Pradesh,Hyderabad
B-25624,April,Vini,Karnataka,Bangalore
B-25641,April,Parishi,West Bengal,Kolkata
B-25980,January,Shweta,Rajasthan,Udaipur
B-26029,February,Ramesh,Gujarat,Ahmedabad
B-26071,March,Subhashree,Jammu and Kashmir,Kashmir
B-25646,May,Sonal,Bihar,Patna
B-25677,June,Ekta,West Bengal,Kolkata
B-25759,August,Soumya,Sikkim,Gangtok
B-26059,March,Rachna,Haryana,Chandigarh
B-25632,April,Manish,Himachal Pradesh,Simla
B-26079,March,Hazel,Karnataka,Bangalore
B-25965,January,Saloni,West Bengal,Kolkata
B-25732,July,Anubhaw,Karnataka,Bangalore
B-25834,October,Ananya,Andhra Pradesh,Hyderabad
B-25784,September,Rohit,Rajasthan,Jaipur
B-25982,January,Hemangi,Delhi,Delhi
B-25788,September,Dinesh,Tamil Nadu,Chennai
B-25742,August,Ashwin,Goa,Goa
B-26088,March,Bhavna,Sikkim,Gangtok
B-25758,August,Shubham,Himachal Pradesh,Simla
B-26095,March,Monisha,Rajasthan,Jaipur
